,Impact,poorPerfection,poornessPercent,goodDesignsElim,totalPerfection,numCorrect,goodPerfection,goodnessPercent,numIncorrect,poorEliminationPercent,poorDesignsElim
rule_A1_B2_Rule_B,-8,True,100,168,False,1830,False,91,2166,0,0
rule_PA1_B1_Rule_I,-3,True,100,60,False,1938,False,96,2058,0,0
rule_B1_P2_Rule_F,-13,False,68,888,False,1734,False,55,2262,41,624
rule_B2andP2_PP2andPS1_Rule_O,10,False,83,118,False,2202,False,94,1794,73,322
rule_A1_B2_Rule_A,-18,False,80,758,False,1634,False,62,2362,34,394
rule_A1_B2_Rule_F,-18,False,80,758,False,1634,False,62,2362,34,394
rule_H1andS1_PB1andPB2_Rule_O,-3,False,95,170,False,1922,False,91,2074,35,94
rule_H1_Rule_M,19,False,13,1337,False,2384,False,33,1612,56,1723
rule_H2_A1_Rule_T,-27,False,68,1175,False,1448,False,41,2548,34,625
rule_B2_H2_Rule_A,-14,False,69,905,False,1700,False,54,2296,40,607
rule_P1_Rule_M,-28,False,51,1524,False,1434,False,23,2562,38,960
rule_A1_B2_Rule_T,-4,False,49,1087,False,1912,False,45,2084,47,1001
rule_B2andH1_PB2andPH1_Rule_O,-12,False,91,414,False,1748,False,79,2248,28,164
rule_P1_Rule_R,1,False,90,143,False,2036,False,92,1960,55,181
rule_B2_H2_Rule_B,-6,True,100,120,False,1878,False,93,2118,0,0
rule_B1_P2_Rule_A,-13,False,68,888,False,1734,False,55,2262,41,624
rule_B1_P2_Rule_B,8,False,89,38,False,2162,False,98,1834,84,202
rule_B2_H2_Rule_F,-14,False,69,905,False,1700,False,54,2296,40,607
rule_H1_P2_Rule_T,20,False,39,806,False,2402,False,59,1594,60,1210
rule_PP2_Rule_R,0,False,100,0,True,1998,False,100,1998,,0
rule_B1_H2_Rule_F,-13,False,68,888,False,1734,False,55,2262,41,624
rule_PP2_Rule_M,-38,False,49,1792,False,1222,False,10,2774,36,1016
rule_B1_H2_Rule_A,-13,False,68,888,False,1734,False,55,2262,41,624
rule_A1_Y_Rule_B,0,False,100,0,True,1998,False,100,1998,,0
rule_B1_H2_Rule_B,-6,True,100,120,False,1878,False,93,2118,0,0
rule_A1_Y_Rule_A,-18,False,80,758,False,1634,False,62,2362,34,394
rule_A1andH1_PA1andPA2_Rule_O,-6,False,93,248,False,1874,False,87,2122,33,124
rule_PA2_B1_Rule_I,-3,True,100,60,False,1938,False,96,2058,0,0
rule_A1_Y_Rule_F,-18,False,80,758,False,1634,False,62,2362,34,394
rule_P2_Rule_NI,51,False,36,241,False,3028,False,87,968,84,1271
rule_H1_P2_Rule_B,3,False,95,23,False,2072,False,98,1924,80,97
rule_H1_P2_Rule_A,-19,False,86,661,False,1612,False,66,2384,29,275
rule_H1_P2_Rule_F,-19,False,86,661,False,1612,False,66,2384,29,275
rule_H2andS1_PP2andPS1_Rule_O,8,False,87,83,False,2160,False,95,1836,74,245
rule_H2andP2_PP1andPP2_Rule_O,9,False,83,146,False,2182,False,92,1814,69,330
rule_LeakyTerminators_Rule_L,0,False,100,0,True,1998,False,100,1998,,0
rule_PIn2_B2_Rule_I,0,False,84,307,False,1996,False,84,2000,49,305
rule_H2_Y_Rule_T,23,False,11,1293,False,2472,False,35,1524,57,1767
rule_PIn2_S1_Rule_I,3,False,91,108,False,2058,False,94,1938,60,168
rule_PB2_Rule_M,8,False,25,1320,False,2166,False,33,1830,52,1488
rule_A1_P2_Rule_A,-18,False,80,758,False,1634,False,62,2362,34,394
rule_A1_P2_Rule_B,6,False,92,16,False,2134,False,99,1862,90,152
rule_S1_H1_Rule_T,-5,False,67,753,False,1896,False,62,2100,46,651
rule_PB2_Rule_R,0,False,100,0,True,1998,False,100,1998,,0
rule_B1_B2_Rule_B,-5,False,94,215,False,1892,False,89,2104,33,109
rule_B1_B2_Rule_A,-13,False,68,888,False,1734,False,55,2262,41,624
rule_A1_P2_Rule_F,-18,False,80,758,False,1634,False,62,2362,34,394
rule_H1andH2_PIn2andPA1_Rule_O,-23,False,82,825,False,1522,False,58,2474,29,349
rule_B1andH1_PS1andPIn1_Rule_O,-20,False,68,1049,False,1580,False,47,2416,37,631
rule_B2andH2_PH1andPP1_Rule_O,-10,False,90,400,False,1790,False,79,2206,32,192
rule_B1_B2_Rule_F,-13,False,68,888,False,1734,False,55,2262,41,624
rule_H1_H2_Rule_A,-19,False,86,661,False,1612,False,66,2384,29,275
rule_H1_H2_Rule_B,-5,False,97,152,False,1892,False,92,2104,23,46
rule_PIn2_Rule_R,0,False,100,0,True,1998,False,100,1998,,0
rule_B1andB2_PP2andPS1_Rule_O,6,False,86,144,False,2118,False,92,1878,64,264
rule_H1_H2_Rule_F,-19,False,86,661,False,1612,False,66,2384,29,275
rule_PIn2_Rule_M,0,False,100,0,True,1998,False,100,1998,,0
rule_A1_P2_Rule_T,9,False,42,949,False,2188,False,52,1808,54,1139
rule_P2andS1_PA2andPB1_Rule_O,14,False,84,4,False,2296,False,99,1700,98,302
rule_P2_B1_Rule_T,8,False,41,991,False,2176,False,50,1820,54,1169
rule_H2_P2_Rule_A,-23,False,88,705,False,1524,False,64,2472,24,231
rule_PIn2_H1_Rule_I,-4,False,92,237,False,1902,False,88,2094,37,141
rule_H2_P2_Rule_B,2,False,95,39,False,2040,False,98,1956,67,81
rule_PA1_Rule_R,0,False,100,0,True,1998,False,100,1998,,0
rule_A1_S1_Rule_T,-7,False,62,880,False,1858,False,55,2138,45,740
rule_H2_P2_Rule_F,-23,False,88,705,False,1524,False,64,2472,24,231
rule_PA1_P1_Rule_I,1,False,97,18,False,2022,False,99,1974,70,42
rule_PA1_Rule_M,8,False,10,1622,False,2174,False,18,1822,52,1798
rule_H2_P2_Rule_T,21,False,38,794,False,2426,False,60,1570,60,1222
rule_H1andP2_PA2andPB1_Rule_O,5,False,88,122,False,2114,False,93,1882,66,238
rule_PA1_S1_Rule_I,0,False,99,1,False,2014,False,99,1982,94,17
rule_P2andY_PB1andPB2_Rule_O,-17,False,49,1360,False,1654,False,31,2342,42,1016
rule_H2andP1_PH1andPP1_Rule_O,-4,False,87,330,False,1916,False,83,2080,42,248
rule_A1_H2_Rule_T,-27,False,68,1175,False,1448,False,41,2548,34,625
rule_P2_H2_Rule_T,21,False,38,794,False,2426,False,60,1570,60,1222
rule_P1_P2_Rule_B,14,False,84,22,False,2278,False,98,1718,93,302
rule_P1_P2_Rule_A,28,False,48,474,False,2562,False,76,1434,68,1038
rule_P1_P2_Rule_F,28,False,48,474,False,2562,False,76,1434,68,1038
rule_Rule_S,0,False,0,1998,False,1998,False,0,1998,50,1998
rule_A1_H2_Rule_F,-18,False,80,758,False,1634,False,62,2362,34,394
rule_A1_Rule_NI,-18,False,80,758,False,1634,False,62,2362,34,394
rule_A1_H2_Rule_B,-4,True,100,84,False,1914,False,95,2082,0,0
rule_PromoterRoadBlocking_Rule_P,0,False,100,0,True,1998,False,100,1998,,0
rule_PA2_Y_Rule_I,-5,False,96,183,False,1890,False,90,2106,29,75
rule_A1andP2_PB2andPH1_Rule_O,2,False,85,239,False,2048,False,88,1948,54,289
rule_B2_Y_Rule_A,-14,False,69,905,False,1700,False,54,2296,40,607
rule_B2_Y_Rule_B,0,False,100,0,True,1998,False,100,1998,,0
rule_P1_P2_Rule_T,25,False,44,611,False,2504,False,69,1492,64,1117
rule_Rule_E,0,False,0,1998,False,1998,False,0,1998,50,1998
rule_A1_H2_Rule_A,-18,False,80,758,False,1634,False,62,2362,34,394
rule_A1_P1_Rule_T,-4,False,49,1086,False,1914,False,45,2082,47,1002
rule_B2_Y_Rule_F,-14,False,69,905,False,1700,False,54,2296,40,607
rule_Y_Rule_NI,0,False,0,1998,False,1998,False,0,1998,50,1998
rule_H1andP1_PA1andPA2_Rule_O,0,False,94,108,False,1998,False,94,1998,50,108
rule_PIn1_B1_Rule_I,-10,False,89,409,False,1792,False,79,2204,33,203
rule_B1_Rule_M,13,False,31,1110,False,2262,False,44,1734,55,1374
rule_PIn2_H2_Rule_I,-5,False,93,243,False,1890,False,87,2106,35,135
rule_P2_A1_Rule_T,9,False,42,949,False,2188,False,52,1808,54,1139
rule_H2_B2_Rule_T,-17,False,58,1178,False,1658,False,41,2338,41,838
rule_B1_Rule_R,-4,False,94,211,False,1900,False,89,2096,34,113
rule_H1_Rule_NI,-19,False,86,661,False,1612,False,66,2384,29,275
rule_P1_H2_Rule_T,5,False,46,955,False,2104,False,52,1892,52,1061
rule_PIn1_Y_Rule_I,0,False,100,0,True,1998,False,100,1998,,0
rule_H2_Y_Rule_A,-23,False,88,705,False,1524,False,64,2472,24,231
rule_H2_Y_Rule_B,0,False,100,0,True,1998,False,100,1998,,0
rule_PA1_H1_Rule_I,-1,True,100,30,False,1968,False,98,2028,0,0
rule_S1_A1_Rule_T,-7,False,62,880,False,1858,False,55,2138,45,740
rule_PA1_Y_Rule_I,-4,False,95,177,False,1902,False,91,2094,31,81
rule_S1_B2_Rule_T,-6,False,57,979,False,1876,False,51,2120,46,857
rule_PIn2_P1_Rule_I,2,False,83,278,False,2054,False,86,1942,54,334
rule_H2_Y_Rule_F,-23,False,88,705,False,1524,False,64,2472,24,231
rule_P1_Y_Rule_B,0,False,100,0,True,1998,False,100,1998,,0
rule_S1andY_PB2andPH1_Rule_O,-26,False,53,1455,False,1464,False,27,2532,38,921
rule_P1_Y_Rule_F,28,False,48,474,False,2562,False,76,1434,68,1038
rule_PA2_H1_Rule_I,-1,True,100,30,False,1968,False,98,2028,0,0
rule_PIn1_H1_Rule_I,-11,False,96,299,False,1778,False,85,2218,20,79
rule_H2andY_PS1andPIn1_Rule_O,0,False,0,1998,False,1998,False,0,1998,50,1998
rule_PIn2_B1_Rule_I,0,False,84,298,False,2014,False,85,1982,51,314
rule_PB1_Rule_M,8,False,25,1316,False,2174,False,34,1822,53,1492
rule_B2andY_PIn1andPIn2_Rule_O,0,False,0,1998,False,1998,False,0,1998,50,1998
rule_P1_B1_Rule_T,-1,False,46,1092,False,1974,False,45,2022,49,1068
rule_Verification,0,False,0,1998,False,1998,False,0,1998,50,1998
rule_S1_Rule_R,8,False,90,19,False,2176,False,99,1820,91,197
rule_P1_Y_Rule_T,-28,False,51,1524,False,1434,False,23,2562,38,960
rule_PB1_Rule_R,0,False,100,0,True,1998,False,100,1998,,0
rule_PA2_P1_Rule_I,1,False,97,18,False,2022,False,99,1974,70,42
rule_S1_Rule_M,-15,False,23,1848,False,1686,False,7,2310,45,1536
rule_Y_Rule_R,0,False,100,0,True,1998,False,100,1998,,0
rule_PIn1_P1_Rule_I,17,False,75,132,False,2346,False,93,1650,78,480
rule_Y_Rule_M,0,False,100,0,True,1998,False,100,1998,,0
rule_PA2_S1_Rule_I,0,False,99,1,False,2014,False,99,1982,94,17
rule_PIn1_S1_Rule_I,13,False,86,2,False,2270,False,99,1726,99,274
rule_H1_Rule_R,-4,False,97,145,False,1906,False,92,2090,26,53
rule_1_Rule_misc,0,False,0,1998,False,1998,False,0,1998,50,1998
rule_P1_Y_Rule_A,28,False,48,474,False,2562,False,76,1434,68,1038
rule_B1_P1_Rule_B,3,False,92,83,False,2072,False,95,1924,65,157
rule_H2_P1_Rule_T,5,False,46,955,False,2104,False,52,1892,52,1061
rule_A1_B1_Rule_B,-8,True,100,168,False,1830,False,91,2166,0,0
rule_A1_B1_Rule_A,-18,False,80,758,False,1634,False,62,2362,34,394
rule_B1_P1_Rule_F,-13,False,68,888,False,1734,False,55,2262,41,624
rule_PA1_B2_Rule_I,-3,True,100,60,False,1938,False,96,2058,0,0
rule_A1_B1_Rule_F,-18,False,80,758,False,1634,False,62,2362,34,394
rule_H1_Y_Rule_T,19,False,13,1337,False,2384,False,33,1612,56,1723
rule_H2_P1_Rule_F,-23,False,88,705,False,1524,False,64,2472,24,231
rule_H2_Rule_M,23,False,11,1293,False,2472,False,35,1524,57,1767
rule_B2_S1_Rule_A,-14,False,69,905,False,1700,False,54,2296,40,607
rule_H2_P1_Rule_B,0,False,97,62,False,1994,False,96,2002,48,58
rule_A1_B1_Rule_T,-2,False,49,1070,False,1946,False,46,2050,48,1018
rule_H2_P1_Rule_A,-23,False,88,705,False,1524,False,64,2472,24,231
rule_P2_Rule_M,-51,False,63,1757,False,968,False,12,3028,29,727
rule_B2_S1_Rule_B,2,False,96,22,False,2038,False,98,1958,73,62
rule_P2_Rule_R,14,False,84,20,False,2282,False,98,1714,93,304
rule_H1andY_PB2andPH1_Rule_O,-26,False,53,1455,False,1464,False,27,2532,38,921
rule_B2_H1_Rule_A,-14,False,69,905,False,1700,False,54,2296,40,607
rule_B2_S1_Rule_F,-14,False,69,905,False,1700,False,54,2296,40,607
rule_B2_H1_Rule_B,-6,True,100,120,False,1878,False,93,2118,0,0
rule_B2_H1_Rule_F,-14,False,69,905,False,1700,False,54,2296,40,607
rule_B1_P1_Rule_A,-13,False,68,888,False,1734,False,55,2262,41,624
rule_B2_P1_Rule_F,-14,False,69,905,False,1700,False,54,2296,40,607
rule_H1_Y_Rule_B,0,False,100,0,True,1998,False,100,1998,,0
rule_B2_P1_Rule_B,2,False,92,91,False,2056,False,95,1940,62,149
rule_B2_P1_Rule_A,-14,False,69,905,False,1700,False,54,2296,40,607
rule_H1_Y_Rule_F,-19,False,86,661,False,1612,False,66,2384,29,275
rule_P2_B2_Rule_T,7,False,42,1002,False,2154,False,49,1842,53,1158
rule_PA2_Rule_R,0,False,100,0,True,1998,False,100,1998,,0
rule_H2_Rule_R,-6,False,98,161,False,1874,False,91,2122,18,37
rule_H1_Y_Rule_A,-19,False,86,661,False,1612,False,66,2384,29,275
rule_B1andS1_PA2andPB1_Rule_O,-1,False,93,165,False,1970,False,91,2026,45,137
rule_B2andS1_PS1andPIn1_Rule_O,-1,False,63,754,False,1974,False,62,2022,49,730
rule_PA2_Rule_M,9,False,9,1616,False,2186,False,19,1810,52,1804
rule_PB1_Rule_NI,-8,False,74,682,False,1822,False,65,2174,42,506
rule_B1andP2_PA1andPA2_Rule_O,0,False,92,146,False,1994,False,92,2002,49,142
rule_PB2_H2_Rule_I,-3,True,100,72,False,1926,False,96,2070,0,0
rule_P1andY_PA1andPA2_Rule_O,-18,False,80,758,False,1634,False,62,2362,34,394
rule_PH1_Rule_R,0,False,100,0,True,1998,False,100,1998,,0
rule_P1_S1_Rule_T,35,False,36,560,False,2714,False,71,1282,69,1276
rule_PA1_A1_Rule_I,0,False,100,0,True,1998,False,100,1998,,0
rule_PH1_Rule_M,32,False,20,933,False,2652,False,53,1344,62,1587
rule_B1_S1_Rule_F,-13,False,68,888,False,1734,False,55,2262,41,624
rule_PIn1_H2_Rule_I,-16,False,98,350,False,1676,False,82,2320,7,28
rule_H2_S1_Rule_T,-7,False,68,781,False,1840,False,60,2156,44,623
rule_B1_S1_Rule_A,-13,False,68,888,False,1734,False,55,2262,41,624
rule_B1_S1_Rule_B,2,False,96,20,False,2042,False,98,1954,76,64
rule_P1_B2_Rule_T,0,False,45,1081,False,1996,False,45,2000,49,1079
rule_PA2_H2_Rule_I,-1,True,100,30,False,1968,False,98,2028,0,0
rule_P1_S1_Rule_B,2,False,96,18,False,2046,False,99,1950,78,66
rule_P1_S1_Rule_A,28,False,48,474,False,2562,False,76,1434,68,1038
rule_PS1_Rule_M,-15,False,23,1848,False,1686,False,7,2310,45,1536
rule_0_Rule_misc,0,False,0,1998,False,1998,False,0,1998,50,1998
rule_P1_S1_Rule_F,28,False,48,474,False,2562,False,76,1434,68,1038
rule_PP1_Rule_R,0,False,100,0,True,1998,False,100,1998,,0
rule_B1_H1_Rule_F,-13,False,68,888,False,1734,False,55,2262,41,624
rule_H2_S1_Rule_A,-23,False,88,705,False,1524,False,64,2472,24,231
rule_H2_S1_Rule_B,0,False,98,21,False,1998,False,98,1998,50,21
rule_PP1_Rule_M,-13,False,36,1541,False,1724,False,22,2272,45,1267
rule_B1_H1_Rule_B,-6,True,100,120,False,1878,False,93,2118,0,0
rule_PS1_Rule_R,0,False,100,0,True,1998,False,100,1998,,0
rule_P1_H1_Rule_T,5,False,46,955,False,2104,False,52,1892,52,1061
rule_B1_H1_Rule_A,-13,False,68,888,False,1734,False,55,2262,41,624
rule_A1_P1_Rule_F,-18,False,80,758,False,1634,False,62,2362,34,394
rule_P2_Y_Rule_F,51,False,36,241,False,3028,False,87,968,84,1271
rule_P1andS1_PIn2andPA1_Rule_O,24,False,50,502,False,2487,False,74,1509,66,991
rule_H2_H1_Rule_T,-22,False,84,764,False,1550,False,61,2446,29,316
rule_A1_P1_Rule_B,3,False,94,52,False,2062,False,97,1934,69,116
rule_A1_P1_Rule_A,-18,False,80,758,False,1634,False,62,2362,34,394
rule_PB1_A1_Rule_I,-4,True,100,96,False,1902,False,95,2094,0,0
rule_P2_Y_Rule_T,-51,False,63,1757,False,968,False,12,3028,29,727
rule_PIn2_P2_Rule_I,9,False,79,210,False,2190,False,89,1806,65,402
rule_H2_S1_Rule_F,-23,False,88,705,False,1524,False,64,2472,24,231
rule_P1_A1_Rule_T,-4,False,49,1086,False,1914,False,45,2082,47,1002
rule_A1_H1_Rule_T,-23,False,66,1131,False,1536,False,43,2460,37,669
rule_PIn2_A1_Rule_I,-5,False,90,317,False,1880,False,84,2116,38,199
rule_P2_H1_Rule_T,20,False,39,806,False,2402,False,59,1594,60,1210
rule_B2andP1_PP1andPP2_Rule_O,7,False,81,222,False,2146,False,88,1850,62,370
rule_B1andY_PB1andPB2_Rule_O,-17,False,49,1360,False,1654,False,31,2342,42,1016
rule_A1_H1_Rule_B,-4,True,100,84,False,1914,False,95,2082,0,0
rule_A1_H1_Rule_A,-18,False,80,758,False,1634,False,62,2362,34,394
rule_A1_S1_Rule_F,-18,False,80,758,False,1634,False,62,2362,34,394
rule_A1_H1_Rule_F,-18,False,80,758,False,1634,False,62,2362,34,394
rule_P2_Y_Rule_B,0,False,100,0,True,1998,False,100,1998,,0
rule_P2_Y_Rule_A,51,False,36,241,False,3028,False,87,968,84,1271
rule_A1_S1_Rule_B,1,False,98,10,False,2026,False,99,1970,79,38
rule_A1_S1_Rule_A,-18,False,80,758,False,1634,False,62,2362,34,394
rule_PIn2_Rule_NI,0,False,0,1998,False,1998,False,0,1998,50,1998
rule_PP2_Rule_NI,38,False,50,206,False,2774,False,89,1222,82,982
rule_A1andY_PP1andPP2_Rule_O,52,False,14,663,False,3048,False,66,948,72,1713
rule_PIn2_Y_Rule_I,0,False,100,0,True,1998,False,100,1998,,0
rule_S1_Rule_NI,15,False,76,150,False,2310,False,92,1686,75,462
rule_PA1_P2_Rule_I,3,False,96,0,False,2058,True,100,1938,100,60
rule_P2_P1_Rule_T,25,False,44,611,False,2504,False,69,1492,64,1117
rule_A1andB1_PIn1andPIn2_Rule_O,-17,False,53,1278,False,1650,False,36,2346,42,930
rule_B1_Rule_NI,-13,False,68,888,False,1734,False,55,2262,41,624
rule_P1andP2_PIn1andPIn2_Rule_O,49,False,18,632,False,2990,False,68,1006,71,1624
rule_H1_S1_Rule_A,-19,False,86,661,False,1612,False,66,2384,29,275
rule_H1_S1_Rule_B,0,False,98,13,False,2014,False,99,1982,69,29
rule_B1_Y_Rule_F,-13,False,68,888,False,1734,False,55,2262,41,624
rule_B1_Y_Rule_B,0,False,100,0,True,1998,False,100,1998,,0
rule_B1_Y_Rule_A,-13,False,68,888,False,1734,False,55,2262,41,624
rule_B1andH2_PIn1andPIn2_Rule_O,-25,False,61,1283,False,1490,False,35,2506,37,775
rule_PIn1_P2_Rule_I,29,False,70,14,False,2582,False,99,1414,97,598
rule_H1_S1_Rule_T,-5,False,67,753,False,1896,False,62,2100,46,651
rule_PIn1_Rule_R,0,False,100,0,True,1998,False,100,1998,,0
rule_H1_S1_Rule_F,-19,False,86,661,False,1612,False,66,2384,29,275
rule_PA2_P2_Rule_I,3,False,96,0,False,2058,True,100,1938,100,60
rule_PIn1_Rule_M,0,False,100,0,True,1998,False,100,1998,,0
rule_B1andP1_PIn2andPA1_Rule_O,4,False,47,954,False,2090,False,52,1906,52,1046
rule_PA2_A1_Rule_I,0,False,100,0,True,1998,False,100,1998,,0
rule_P2_S1_Rule_T,56,False,25,349,False,3136,False,82,860,80,1487
rule_B2_P2_Rule_F,-14,False,69,905,False,1700,False,54,2296,40,607
rule_PIn1_B2_Rule_I,-11,False,90,420,False,1770,False,78,2226,31,192
rule_PIn1_A1_Rule_I,-11,False,92,372,False,1770,False,81,2226,27,144
rule_B2_Rule_M,14,False,30,1093,False,2296,False,45,1700,55,1391
rule_B2_P2_Rule_B,8,False,89,39,False,2160,False,98,1836,83,201
rule_H1_P1_Rule_T,5,False,46,955,False,2104,False,52,1892,52,1061
rule_B2_Rule_R,-6,False,94,222,False,1878,False,88,2118,31,102
rule_S1_Y_Rule_F,15,False,76,150,False,2310,False,92,1686,75,462
rule_PA1_H2_Rule_I,-1,True,100,30,False,1968,False,98,2028,0,0
rule_A1andB2_PIn2andPA1_Rule_O,-14,False,62,1052,False,1705,False,47,2291,41,759
rule_S1_Y_Rule_A,15,False,76,150,False,2310,False,92,1686,75,462
rule_S1_Y_Rule_B,0,False,100,0,True,1998,False,100,1998,,0
rule_H2_B1_Rule_T,-15,False,57,1161,False,1692,False,41,2304,42,855
rule_PA2_B2_Rule_I,-3,True,100,60,False,1938,False,96,2058,0,0
rule_H1_P1_Rule_B,1,False,96,48,False,2022,False,97,1974,60,72
rule_A1andP1_PB1andPB2_Rule_O,-1,False,87,278,False,1970,False,86,2026,47,250
rule_P1_Rule_NI,28,False,48,474,False,2562,False,76,1434,68,1038
rule_P2_S1_Rule_F,51,False,36,241,False,3028,False,87,968,84,1271
rule_H1_P1_Rule_A,-19,False,86,661,False,1612,False,66,2384,29,275
rule_H1_P1_Rule_F,-19,False,86,661,False,1612,False,66,2384,29,275
rule_A1_Rule_R,-9,False,94,291,False,1812,False,85,2184,26,105
rule_B2_P2_Rule_A,-14,False,69,905,False,1700,False,54,2296,40,607
rule_A1andS1_PH1andPP1_Rule_O,-4,False,94,185,False,1916,False,90,2080,35,103
rule_A1_Rule_M,18,False,19,1240,False,2362,False,37,1634,56,1604
rule_P2_S1_Rule_A,51,False,36,241,False,3028,False,87,968,84,1271
rule_S1_B1_Rule_T,-4,False,56,966,False,1902,False,51,2094,47,870
rule_A1andH2_PA2andPB1_Rule_O,-12,False,96,304,False,1756,False,84,2240,16,62
rule_P2_S1_Rule_B,3,False,96,12,False,2058,False,99,1938,85,72
